№ п/п,Итоговое имя агломерации,Входящие в агломерацию города,Регион города ИТОГ,Страна,Individual / Angel,Angel Group,Investment Partner,Syndicate
390,London,London,Greater London,United Kingdom,2776,119,2691,30
409,Los Angeles (Greater),Los Angeles,California,USA,1312,32,687,8
524,Mumbai Metropolitan Region,Mumbai,Maharashtra,India,1202,29,617,3
52,Berlin,Berlin,Berlin,Germany,730,40,369,3
73,Boston,Boston (USA),Massachusetts,USA,709,32,1150,3
26,Austin,Austin,Texas,USA,490,18,334,4
140,Chicago,Chicago,Illinois,USA,438,35,498,10
307,Greater Sydney,Sydney,New South Wales,Australia,413,18,348,8
353,Istanbul,Istanbul,Istanbul,Turkey,391,12,138,0
527,Munich,Munich,Bavaria,Germany,349,11,303,1
479,Miami (Greater),Miami,Florida,USA,310,13,205,2
7,Amsterdam,Amsterdam,North Holland,Netherlands,300,16,329,3
451,Madrid,Madrid,Community of Madrid,Spain,289,11,160,1
21,Atlanta,Atlanta,Georgia,USA,284,12,251,1
169,Copenhagen,Copenhagen,Capital Region of Denmark,Denmark,274,4,172,0
34,Barcelona,Barcelona,Catalonia,Spain,273,25,142,0
345,Hong Kong,Hong Kong,Hong Kong,China,258,20,105,2
224,Dubai,Dubai,Dubai,United Arab Emirates,249,23,136,12
30,Bangalore Metropolitan Region Development Authority,Bangalore,Karnataka,India,247,9,107,1
196,Dallas,Dallas,Texas,USA,217,12,233,2
301,Greater Melbourne,Melbourne,Victoria,Australia,201,10,150,0
494,Milan,Milan,Lombardy,Italy,197,9,133,1
206,Denver,Denver,Colorado,USA,178,9,165,2
342,Helsinki,Helsinki,Uusimaa,Finland,163,5,147,0
519,Montreal,Montreal,Quebec,Canada,160,8,220,0
137,Chennai metropolitan area,Chennai,Tamil Nadu,India,144,11,55,1
412,Los Angeles (Greater),Santa Monica,California,USA,138,4,99,1
346,Houston,Houston,Texas,USA,125,13,209,3
72,Boston,Cambridge (USA),Massachusetts,USA,122,4,216,0
324,Hamburg,Hamburg,Hamburg,Germany,119,4,48,0
108,Brussels,Brussels,Brussels,Belgium,110,2,102,0
522,Moscow,Moscow,Moscow,Russia,106,5,35,1
100,Boulder,Boulder,Colorado,USA,105,5,92,2
44,Beijing,Beijing,Beijing,China,101,41,222,0
356,Jakarta,Jakarta,Jakarta,Indonesia,98,10,70,1
477,Mexico City,Mexico City,Mexico City,Mexico,98,9,45,0
227,Dublin,Dublin,Leinster,Ireland,94,3,76,3
365,Las Vegas,Las Vegas,Nevada,USA,88,9,33,2
164,Cologne,Cologne,North Rhine-Westphalia,Germany,81,4,62,0
261,Geneva,Geneva,Geneva,Switzerland,79,2,100,1
417,Los Angeles (Greater),Beverly Hills,California,USA,69,3,40,0
513,Minneapolis,Minneapolis,Minnesota,USA,69,5,93,1
385,Lisbon,Lisbon,Lisboa Region,Portugal,68,5,85,0
25,Auckland,Auckland,Auckland Region,New Zealand,60,6,52,1
31,Bangkok,Bangkok,Bangkok,Thailand,58,1,3,0
288,Greater Kuala Lumpur,Kuala Lumpur,Kuala Lumpur,Malaysia,56,4,59,0
411,Los Angeles (Greater),Irvine,California,USA,56,4,31,1
63,Bogota D.C.,Bogota,Bogota,Colombia,55,4,18,0
487,Miami (Greater),Miami Beach,Florida,USA,55,0,28,0
160,City of Cape Town Metropolitan Municipality,Cape Town,Western Cape,South Africa,51,2,71,0
424,Los Angeles (Greater),Orange,California,USA,51,0,34,0
190,Cuyahoga,Cleveland,Ohio,USA,50,3,58,0
234,Dusseldorf,Düsseldorf,North Rhine-Westphalia,Germany,50,3,24,0
282,Greater Brisbane,Brisbane,Queensland,Australia,50,5,45,0
128,Cambridge,Cambridge (UK),East of England,United Kingdom,47,2,37,1
284,Greater Buenos Aires,Buenos Aires,Buenos Aires Province,Argentina,47,3,19,1
481,Miami (Greater),Fort Lauderdale,Florida,USA,47,0,31,0
238,Edinburgh,Edinburgh,Scotland,United Kingdom,45,7,63,0
213,Detroit (Greater),Detroit,Michigan,USA,44,3,65,0
363,Lagos,Lagos,Lagos,Nigeria,44,4,25,4
315,Greater Taipei Area,Taipei,Taipei,Taiwan,41,9,39,1
362,Kyiv,Kyiv,Kyiv,Ukraine,38,3,18,0
430,Los Angeles (Greater),Newport Beach,California,USA,37,2,38,0
482,Miami (Greater),Boca Raton,Florida,USA,36,1,23,0
118,Bucharest,Bucharest,Bucharest,Romania,34,8,19,0
304,Greater Perth,Perth,Western Australia,Australia,34,1,26,0
369,Lausanne,Lausanne,Vaud,Switzerland,34,2,38,1
123,Cairo,Cairo,Cairo,Egypt,32,11,46,0
462,Manchester,Manchester,North West England,United Kingdom,32,6,78,0
162,City of Johannesburg Metropolitan Municipality,Johannesburg,Gauteng,South Africa,31,3,107,0
448,Lyon,Lyon,Auvergne-Rhône-Alpes,France,31,4,31,0
278,Gothenburg,Gothenburg,Västra Götaland,Sweden,30,3,22,1
459,Malmo,Malmo,Skåne,Sweden,28,0,14,0
19,Athens,Athens,Attica,Greece,26,3,21,1
492,Miami (Greater),West Palm Beach,Florida,USA,26,1,31,1
106,Bristol,Bristol,South West England,United Kingdom,25,1,23,0
121,Budapest,Budapest,Central Hungary,Hungary,24,4,17,0
166,Columbus,Columbus,Ohio,USA,24,3,47,1
281,Greater Adelaide,Adelaide,South Australia,Australia,23,3,11,0
232,Durham,"Durham (USA, NC)",North Carolina,USA,22,1,41,0
410,Los Angeles (Greater),Pasadena,California,USA,22,1,19,0
425,Los Angeles (Greater),West Hollywood,California,USA,21,1,8,0
233,Durham,Chapel Hill,North Carolina,USA,20,4,20,0
333,Hangzhou,Hangzhou,Zhejiang,China,20,12,18,0
467,Manila,Manila,National Capital Region,Philippines,20,0,14,0
204,Dane,Madison,Wisconsin,USA,19,4,36,0
272,Gent,Gent,East Flanders,Belgium,19,0,7,0
423,Los Angeles (Greater),Malibu,California,USA,19,1,5,0
16,Ankara,Ankara,Ankara,Turkey,18,0,9,0
241,Edmonton,Edmonton,Alberta,Canada,18,1,23,2
39,Basel,Basel,Basel-Stadt,Switzerland,17,1,34,0
361,Kitchener,Waterloo,Ontario,Canada,16,1,11,0
373,Leeds,Leeds,Yorkshire and the Humber,United Kingdom,16,3,31,1
458,Malmo,Lund,Scania,Sweden,16,2,4,0
343,Helsinki,Espoo,Uusimaa,Finland,15,0,8,0
384,Lima,Lima,Lima,Peru,15,2,4,1
22,Atlanta,Alpharetta,Georgia,USA,13,1,0,0
199,Dallas,Plano,Texas,USA,13,0,12,0
201,Dallas,Fort Worth,Texas,USA,13,2,9,0
70,Bonn,Bonn,North Rhine-Westphalia,Germany,11,0,25,0
275,Glasgow,Glasgow,Scotland,United Kingdom,11,5,40,1
336,Hanover,Hanover,Lower Saxony,Germany,11,2,5,0
367,Las Vegas,Henderson,Nevada,USA,11,2,3,0
415,Los Angeles (Greater),Culver City,California,USA,10,0,3,0
433,Los Angeles (Greater),Marina Del Rey,California,USA,10,1,4,1
476,Memphis,Memphis,Tennessee,USA,10,0,16,0
514,Minneapolis,Saint Paul,Minnesota,USA,10,0,12,0
131,Cardiff,Cardiff,Wales,United Kingdom,9,0,18,0
208,Denver,Englewood,Colorado,USA,9,0,4,0
401,London,Essex,East of England,United Kingdom,9,1,0,0
484,Miami (Greater),Palm Beach Gardens,Florida,USA,9,1,8,0
488,Miami (Greater),Palm Beach,Florida,USA,9,1,8,0
2,Aarhus,Aarhus,Central Denmark Region,Denmark,8,0,6,0
65,Bologna,Bologna,Emilia-Romagna,Italy,8,0,7,0
130,Canberra,Canberra,Australian Capital Territory,Australia,8,0,5,0
200,Dallas,Irving,Texas,USA,8,1,5,0
321,Guangzhou,Guangzhou,Guangdong,China,8,2,5,0
359,Jeddah,Jeddah,Makkah Province,Saudi Arabia,8,2,1,0
382,Leipzig,Leipzig,Saxony,Germany,8,1,5,0
422,Los Angeles (Greater),San Clemente,California,USA,8,0,4,0
437,Los Angeles (Greater),Westlake Village,California,USA,8,0,0,0
440,Los Angeles (Greater),Costa Mesa,California,USA,8,1,2,0
525,Mumbai Metropolitan Region,Thane,Maharashtra,India,8,0,4,0
53,Berlin,Potsdam,Brandenburg,Germany,7,0,5,0
74,Boston,Waltham,Massachusetts,USA,7,2,25,0
207,Denver,Golden,Colorado,USA,7,0,8,0
318,Grenoble,Grenoble,Auvergne-Rhône-Alpes,France,7,1,2,0
339,Heidelberg,Heidelberg,Baden-Württemberg,Germany,7,1,5,0
383,Leuven,Leuven,Flemish Brabant,Belgium,7,0,12,0
418,Los Angeles (Greater),El Segundo,California,USA,7,0,3,0
474,Marseille,Marseille,Provence-Alpes-Côte d'Azur,France,7,1,6,0
47,Beirut,Beirut,Beirut,Lebanon,6,1,4,0
214,Detroit (Greater),Troy,Michigan,USA,6,1,4,0
223,Detroit (Greater),Bloomfield Hills,Michigan,USA,6,0,6,0
349,Houston,Spring,Texas,USA,6,0,1,0
387,Liverpool,Liverpool,North West England,United Kingdom,6,0,7,0
419,Los Angeles (Greater),Glendale,California,USA,6,0,1,0
442,Los Angeles (Greater),Lake Forest,California,USA,6,0,0,0
478,Mexico City,Naucalpan de Juárez,Mexico,Mexico,6,0,0,0
490,Miami (Greater),Pompano Beach,Florida,USA,6,0,2,0
141,Chicago,Evanston,Illinois,USA,5,1,5,0
211,Denver,Aurora (USA),Colorado,USA,5,0,1,0
355,Ithaca,Ithaca,New York,USA,5,0,5,0
381,Leiden,Leiden,South Holland,Netherlands,5,0,3,0
392,London,Hertfordshire,East of England,United Kingdom,5,0,1,0
396,London,Kingston upon Thames,Greater London,United Kingdom,5,0,2,0
399,London,Watford,East of England,United Kingdom,5,0,2,0
421,Los Angeles (Greater),Hawthorne,California,USA,5,0,3,0
4,Aberdeen,Aberdeen,Scotland,United Kingdom,4,3,16,0
8,Amsterdam,Haarlem,North Holland,Netherlands,4,0,5,0
89,Boston,Acton,Massachusetts,USA,4,0,1,0
167,Columbus,"Dublin (USA, OH)",Ohio,USA,4,0,2,0
171,Copenhagen,Frederiksberg,Capital Region of Denmark,Denmark,4,0,2,0
187,Cork,Cork,Munster,Ireland,4,0,3,1
209,Denver,Broomfield,Colorado,USA,4,0,7,0
210,Denver,Westminster (USA),Colorado,USA,4,0,1,0
378,Leicester,Leicester,East Midlands,United Kingdom,4,1,4,0
413,Los Angeles (Greater),Burbank,California,USA,4,0,0,0
469,Manila,Makati,National Capital Region,Philippines,4,2,10,1
470,Manila,Santa Maria,Central Luzon,Philippines,4,2,0,0
23,Atlanta,Duluth (GA),Georgia,USA,3,0,0,0
27,Austin,Round Rock,Texas,USA,3,1,0,0
57,Bern,Bern,Bern,Switzerland,3,0,9,0
76,Boston,Andover,Massachusetts,USA,3,0,5,0
77,Boston,Bedford,Massachusetts,USA,3,1,3,0
104,Brighton and Hove,Brighton,South East England,United Kingdom,3,1,0,0
124,Cairo,Giza,Giza,Egypt,3,0,0,0
143,Chicago,Schaumburg,Illinois,USA,3,0,0,0
203,Dallas,Addison,Texas,USA,3,0,0,0
242,Eindhoven,Eindhoven,North Brabant,Netherlands,3,0,27,0
246,Florence,Florence,Tuscany,Italy,3,0,4,0
259,Frankfurt am Main,Offenbach,Hesse,Germany,3,0,0,0
267,Geneva,Vevey,Vaud,Switzerland,3,0,3,0
290,Greater Kuala Lumpur,Petaling Jaya,Selangor,Malaysia,3,1,1,0
340,Heidelberg,Walldorf,Baden-Württemberg,Germany,3,1,0,0
404,London,Woking,South East England,United Kingdom,3,0,0,0
431,Los Angeles (Greater),Santa Ana,California,USA,3,1,0,0
480,Miami (Greater),Coral Gables,Florida,USA,3,0,2,0
483,Miami (Greater),Plantation,Florida,USA,3,0,0,0
1,Aalborg,Aalborg,North Jutland Region,Denmark,2,0,2,0
6,Almaty,Almaty,Almaty,Kazakhstan,2,0,0,0
10,Amsterdam,Almere,Flevoland,Netherlands,2,0,5,0
28,Austin,San Marcos,Texas,USA,2,0,0,0
78,Boston,Chestnut Hill,Massachusetts,USA,2,0,2,0
86,Boston,Somerville,Massachusetts,USA,2,1,2,0
94,Boston,Natick,Massachusetts,USA,2,0,1,0
95,Boston,Newton,Massachusetts,USA,2,3,5,0
98,Boston,Woburn,Massachusetts,USA,2,0,5,0
133,Champaign,Champaign,Illinois,USA,2,0,3,0
136,Chengdu,Chengdu,Sichuan,China,2,1,0,0
152,Chicago,Hoffman Estates,Illinois,USA,2,0,0,0
198,Dallas,Richardson,Texas,USA,2,0,1,0
202,Dallas,Denton,Texas,USA,2,0,0,0
217,Detroit (Greater),Northville,Michigan,USA,2,0,1,0
219,Detroit (Greater),Dearborn,Michigan,USA,2,0,1,0
225,Dubai,Sharjah,Sharjah,United Arab Emirates,2,1,1,0
236,Dusseldorf,Ratingen,North Rhine-Westphalia,Germany,2,0,1,0
245,Exeter,Exeter (UK),South West England,United Kingdom,2,1,1,0
252,Frankfurt am Main,Frankfurt am Main,Hesse,Germany,2,0,100,0
270,Geneva,Montreux,Vaud,Switzerland,2,0,0,0
323,Guangzhou,Dongguan,Guangdong,China,2,1,1,0
330,Hamilton,Hamilton (Canada),Ontario,Canada,2,0,4,0
391,London,Uxbridge,Greater London,United Kingdom,2,0,0,0
393,London,Hatfield,East of England,United Kingdom,2,0,1,0
406,London,Harrow,Greater London,United Kingdom,2,0,0,0
414,Los Angeles (Greater),Anaheim,California,USA,2,0,2,0
416,Los Angeles (Greater),Riverside,California,USA,2,0,0,0
420,Los Angeles (Greater),Long Beach,California,USA,2,0,3,0
427,Los Angeles (Greater),Torrance,California,USA,2,0,1,0
428,Los Angeles (Greater),Monrovia,California,USA,2,0,1,0
439,Los Angeles (Greater),Compton,California,USA,2,0,0,0
452,Madrid,Alcobendas,Community of Madrid,Spain,2,0,0,0
464,Manchester,Crewe,North West England,United Kingdom,2,0,1,0
471,Manila,Taguig,Metro Manila,Philippines,2,1,0,0
515,Minneapolis,Eden Prairie,Minnesota,USA,2,0,2,0
9,Amsterdam,Hilversum,North Holland,Netherlands,1,0,4,0
17,Antwerp,Antwerpen,Antwerp,Belgium,1,0,1,0
24,Atlanta,Norcross,Georgia,USA,1,0,0,0
36,Barcelona,Badalona,Catalonia,Spain,1,0,0,0
38,Barcelona,Mataró,Catalonia,Spain,1,0,1,0
40,Basel,Allschwil,Basel-Landschaft,Switzerland,1,0,1,0
41,Basel,Muttenz,Basel-Landschaft,Switzerland,1,0,0,0
51,Benton (WA),Richland,Washington,USA,1,0,0,0
58,Bern,Biel,Bern,Switzerland,1,0,0,0
80,Boston,Framingham,Massachusetts,USA,1,1,6,0
81,Boston,Watertown,Massachusetts,USA,1,0,5,0
82,Boston,Marlborough (USA),Massachusetts,USA,1,0,3,0
84,Boston,Beverly,Massachusetts,USA,1,1,0,0
85,Boston,Lowell,Massachusetts,USA,1,0,0,0
88,Boston,Wellesley,Massachusetts,USA,1,1,4,0
90,Boston,Braintree,Massachusetts,USA,1,0,1,0
97,Boston,Westford,Massachusetts,USA,1,1,1,0
109,Brussels,Louvain-la-Neuve,Walloon Brabant,Belgium,1,0,0,0
111,Brussels,Ottignies,Walloon Brabant,Belgium,1,0,0,0
135,Changsha,Changsha,Hunan,China,1,0,0,0
145,Chicago,Downers Grove,Illinois,USA,1,0,0,0
151,Chicago,Glenview,Illinois,USA,1,0,3,0
153,Chicago,Itasca,Illinois,USA,1,0,0,0
163,City of Johannesburg Metropolitan Municipality,Midrand,Gauteng,South Africa,1,0,0,0
165,Cologne,Leverkusen,North Rhine-Westphalia,Germany,1,0,0,0
175,Copenhagen,Gentofte,Capital Region of Denmark,Denmark,1,0,0,0
183,Copenhagen,Charlottenlund,Capital Region of Denmark,Denmark,1,0,0,0
188,Coventry,Coventry,West Midlands,United Kingdom,1,1,3,0
193,Cuyahoga,Westlake,Ohio,USA,1,0,1,0
195,Dalian,Dalian,Liaoning,China,1,0,0,0
197,Dallas,Arlington,Texas,USA,1,1,0,0
205,Dane,Middleton,Wisconsin,USA,1,0,1,0
215,Detroit (Greater),Novi,Michigan,USA,1,0,2,0
216,Detroit (Greater),Auburn Hills,Michigan,USA,1,0,2,0
218,Detroit (Greater),"Rochester (USA, MI)",Michigan,USA,1,0,1,0
220,Detroit (Greater),Southfield,Michigan,USA,1,0,1,1
256,Frankfurt am Main,Bad Homburg,Hesse,Germany,1,0,1,0
271,Geneva,Nyon,Vaud,Switzerland,1,0,0,0
273,Gent,Aalter,East Flanders,Belgium,1,0,0,0
276,Glasgow,Paisley,Scotland,United Kingdom,1,0,1,0
308,Greater Sydney,Penrith,New South Wales,Australia,1,0,0,0
309,Greater Sydney,Mosman,New South Wales,Australia,1,0,0,0
332,Hampden,Northampton,Massachusetts,USA,1,0,1,0
337,Harbin,Harbin,Heilongjiang,China,1,0,0,0
348,Houston,The Woodlands,Texas,USA,1,0,0,0
360,Jinan,Jinan,Shandong,China,1,1,0,0
371,Lausanne,Epalinges,Vaud,Switzerland,1,0,0,0
374,Leeds,Bradford,Yorkshire and the Humber,United Kingdom,1,0,0,0
375,Leeds,Huddersfield,Yorkshire and the Humber,United Kingdom,1,0,2,0
394,London,Harpenden,East of England,United Kingdom,1,0,0,0
395,London,Teddington,Greater London,United Kingdom,1,0,1,0
402,London,Reigate,South East England,United Kingdom,1,0,0,0
403,London,Sutton Coldfield,West Midlands,United Kingdom,1,0,0,0
407,London,Romford,Greater London,United Kingdom,1,0,0,0
426,Los Angeles (Greater),Aliso Viejo,California,USA,1,0,0,0
429,Los Angeles (Greater),Fontana,California,USA,1,0,0,0
447,Los Angeles (Greater),Santa Clarita,California,USA,1,0,1,0
449,Lyon,Écully,Auvergne-Rhône-Alpes,France,1,0,0,0
473,Manila,Pasig,National Capital Region,Philippines,1,0,1,0
500,Milan,Cusano Milanino,Lombardy,Italy,1,0,0,0
502,Milan,Busto Arsizio,Lombardy,Italy,1,0,0,0
521,Montreal,Laval,Quebec,Canada,1,0,1,0
529,Munich,Gilching,Bavaria,Germany,1,0,0,0
530,Munich,Unterföhring,Bavaria,Germany,1,0,1,0
3,Aarhus,Aabyhøj,Central Denmark Region,Denmark,0,0,6,0
5,Aberdeen,Ellon,Scotland,United Kingdom,0,0,16,0
11,Amsterdam,Zaandam,North Holland,Netherlands,0,0,0,0
12,Amsterdam,Badhoevedorp,North Holland,Netherlands,0,0,0,0
13,Amsterdam,Hoofddorp,North Holland,Netherlands,0,0,0,0
14,Amsterdam,Lijnden,North Holland,Netherlands,0,0,0,0
15,Amsterdam,Uithoorn,North Holland,Netherlands,0,0,0,0
18,Antwerp,Mortsel,Antwerp,Belgium,0,0,0,0
20,Athens,Kallithea,Attica,Greece,0,0,0,0
29,Austin,Cedar Park,Texas,USA,0,0,0,0
32,Bangkok,Nakhon Pathom,Nakhon Pathom,Thailand,0,0,0,0
33,Bangkok,Pathumthani,Pathum Thani,Thailand,0,0,0,0
35,Barcelona,Castelldefels,Catalonia,Spain,0,0,0,0
37,Barcelona,Terrassa,Catalonia,Spain,0,0,0,0
42,Basel,Reinach,Basel-Landschaft,Switzerland,0,0,0,0
43,Basel,Hölstein,Basel-Landschaft,Switzerland,0,0,0,0
45,Beijing,Langfang,Hebei,China,0,0,0,0
46,Beijing,Zhuozhou,Hebei,China,0,0,0,0
48,Beirut,Baabda,Mount Lebanon,Lebanon,0,0,0,0
49,Beirut,Jounieh,Keserwan-Jbeil,Lebanon,0,0,0,0
50,Beirut,Zouk Mikael,Keserwan-Jbeil,Lebanon,0,0,0,0
54,Berlin,Grossbeeren,Brandenburg,Germany,0,0,0,0
55,Berlin,Muncheberg,Brandenburg,Germany,0,0,0,0
56,Berlin,Nuthetal,Brandenburg,Germany,0,0,0,0
59,Bern,Burgdorf,Bern,Switzerland,0,0,0,0
60,Bern,Flamatt,Fribourg,Switzerland,0,0,0,0
61,Bern,Nods,Bern,Switzerland,0,0,0,0
62,Bern,Saint-Imier,Bern,Switzerland,0,0,0,0
64,Bogota D.C.,Chía,Cundinamarca,Colombia,0,0,0,0
66,Bologna,Ozzano dell'Emilia,Emilia-Romagna,Italy,0,0,0,0
67,Bologna,Granarolo dell'Emilia,Emilia-Romagna,Italy,0,0,0,0
68,Bologna,Lazzaro di Savena,Emilia-Romagna,Italy,0,0,0,0
69,Bologna,San Lazzaro di Savena,Emilia-Romagna,italy,0,0,0,0
71,Bonn,Siegburg,North Rhine-Westphalia,Germany,0,0,0,0
75,Boston,Medford,Massachusetts,USA,0,0,1,0
79,Boston,Wilmington (MA),Massachusetts,USA,0,0,0,0
83,Boston,Billerica,Massachusetts,USA,0,0,1,0
87,Boston,Walpole,Massachusetts,USA,0,0,0,0
91,Boston,Chelmsford,Massachusetts,USA,0,0,0,0
92,Boston,Danvers,Massachusetts,USA,0,0,0,0
93,Boston,Maynard,Massachusetts,USA,0,0,0,0
96,Boston,North Reading,Massachusetts,USA,0,0,0,0
99,Boston,Sharon,Massachusetts,USA,0,0,0,0
101,Braunschweig-Salzgitter Wolfsburg,Brunswick,Lower Saxony,Germany,0,0,0,0
102,Braunschweig-Salzgitter Wolfsburg,Wolfsburg,Lower Saxony,Germany,0,0,0,0
103,Braunschweig-Salzgitter Wolfsburg,Salzgitter,Lower Saxony,Germany,0,0,0,0
105,Brighton and Hove,Falmer,South East England,United Kingdom,0,0,0,0
107,Bristol,Chilcompton,South West England,United Kingdom,0,0,0,0
110,Brussels,La Hulpe,Walloon Brabant,Belgium,0,0,0,0
112,Brussels,Gembloux,Namur,Belgium,0,0,0,0
113,Brussels,Grand-Rosière,Walloon Brabant,Belgium,0,0,0,0
114,Brussels,Aalst,East Flanders,Belgium,0,0,0,0
115,Brussels,Wavre,Walloon Brabant,Belgium,0,0,2,0
116,Brussels,Halle (Belgium),Flemish Brabant,Belgium,0,0,0,0
117,Brussels,Lasne,Walloon Brabant,Belgium,0,0,0,0
119,Bucharest,Buftea,Ilfov,Romania,0,0,0,0
120,Bucharest,Magurele,Ilfov,Romania,0,0,0,0
122,Budapest,Godollo,Central Hungary,Hungary,0,0,0,0
125,Cairo,Al Shorouk,Cairo,Egypt,0,0,0,0
126,Cairo,Helwan,Cairo,Egypt,0,0,0,0
127,Cairo,New Cairo,Cairo,Egypt,0,0,0,0
129,Cambridge,Hinxton,East England,United Kingdom,0,0,0,0
132,Cardiff,Caerphilly,Wales,United Kingdom,0,0,0,0
134,Champaign,Urbana,Illinois,USA,0,0,1,0
138,Chennai metropolitan area,Avadi,Tamil Nadu,India,0,0,0,0
139,Chennai metropolitan area,Kattankulathur,Tamil Nadu,India,0,0,0,0
142,Chicago,Lemont,Illinois,USA,0,0,1,0
144,Chicago,Berwyn,Illinois,USA,0,0,0,0
146,Chicago,Hammond,Indiana,USA,0,0,0,0
147,Chicago,DeKalb,Illinois,USA,0,0,0,0
148,Chicago,Malta (USA),Illinois,USA,0,0,0,0
149,Chicago,Cicero,Illinois,USA,0,0,0,0
150,Chicago,Crystal Lake,Illinois,USA,0,0,1,0
154,Chicago,Kenosha,Wisconsin,USA,0,0,0,0
155,Chicago,Lake Bluff,Illinois,USA,0,0,0,0
156,Chicago,Lincolnshire,Illinois,USA,0,0,0,0
157,Chicago,Lisle,Illinois,USA,0,0,1,0
158,Chicago,Mettawa,Illinois,USA,0,0,0,0
159,Chongqing,Chongqing,Chongqing,China,0,0,0,0
161,City of Cape Town Metropolitan Municipality,Bellville,Western Cape,South Africa,0,0,0,0
168,Columbus,New Albany,Ohio,USA,0,0,1,0
170,Copenhagen,Kongens Lyngby,Capital Region of Denmark,Denmark,0,0,0,0
172,Copenhagen,Roskilde,Region Zealand,Denmark,0,0,1,0
173,Copenhagen,Ballerup,Capital Region of Denmark,Denmark,0,0,0,0
174,Copenhagen,Bagsvaerd,Capital Region of Denmark,Denmark,0,0,0,0
176,Copenhagen,Hersholm,Capital Region of Denmark,Denmark,0,0,0,0
177,Copenhagen,Albertslund,Capital Region of Denmark,Denmark,0,0,0,0
178,Copenhagen,Brondby,Capital Region of Denmark,Denmark,0,0,0,0
179,Copenhagen,Hedehusene,Capital Region of Denmark,Denmark,0,0,0,0
180,Copenhagen,Humlebaek,Capital Region of Denmark,Denmark,0,0,0,0
181,Copenhagen,Lynge,Capital Region of Denmark,Denmark,0,0,0,0
182,Copenhagen,Smørumnedre,Capital Region of Denmark,Denmark,0,0,0,0
184,Copenhagen,Helsingør,Capital Region of Denmark,Denmark,0,0,0,0
185,Copenhagen,Niva,Capital Region of Denmark,Denmark,0,0,0,0
186,Copenhagen,Tikoeb,Capital Region of Denmark,Denmark,0,0,0,0
189,Coventry,Warwick,West Midlands,United Kingdom,0,0,4,0
191,Cuyahoga,Avon Lake,Ohio,USA,0,0,1,0
192,Cuyahoga,Medina (OH),Ohio,USA,0,1,0,0
194,Cuyahoga,Wickliffe,Ohio,USA,0,0,0,0
212,Denver,Greenwood Village,Colorado,USA,0,0,0,0
221,Detroit (Greater),Van Buren Charter Township,Michigan,USA,0,0,0,0
222,Detroit (Greater),Clinton Township,Michigan,USA,0,0,0,0
226,Dubai,Ajman,Emirate of Ajman,United Arab Emirates,0,0,0,0
228,Dublin,Dún Laoghaire–Rathdown,Leinster,Ireland,0,0,0,0
229,Dublin,Wicklow,Leinster,Ireland,0,0,0,0
230,Dublin,Maynooth,Leinster,Ireland,0,0,0,0
231,Dublin,Swords,Leinster,Ireland,0,0,0,0
235,Dusseldorf,Velbert,North Rhine-Westphalia,Germany,0,0,0,0
237,Ede,Wageningen,Gelderland,Netherlands,0,0,2,0
239,Edinburgh,Bathgate,Scotland,United Kingdom,0,0,0,0
240,Edinburgh,Musselburgh,Scotland,United Kingdom,0,0,0,0
243,Eindhoven,Veldhoven,North Brabant,Netherlands,0,0,1,0
244,Eindhoven,Helmond,North Brabant,Netherlands,0,0,0,0
247,Florence,Sesto Fiorentino,Tuscany,Italy,0,0,0,0
248,Florence,Montelupo Fiorentino,Tuscany,Italy,0,0,0,0
249,Florence,Bagno a Ripoli,Tuscany,Italy,0,0,0,0
250,Florence,Fiesole,Tuscany,Italy,0,0,0,0
251,Florence,Signa,Tuscany,Italy,0,0,0,0
253,Frankfurt am Main,Neu-Isenburg,Hesse,Germany,0,1,0,0
254,Frankfurt am Main,Hanau,Hesse,Germany,0,0,0,0
255,Frankfurt am Main,Eschborn,Hesse,Germany,0,0,0,0
257,Frankfurt am Main,Bad Vilbel,Hesse,Germany,0,0,0,0
258,Frankfurt am Main,Dreieich,Hesse,Germany,0,0,0,0
260,Fuzhou,Fuzhou,Fujian,China,0,0,0,0
262,Geneva,Eysins,Vaud,Switzerland,0,0,0,0
263,Geneva,Bellevue (Switzerland),Geneva,Switzerland,0,0,0,0
264,Geneva,Plan-les-Ouates,Geneva,Switzerland,0,0,0,0
265,Geneva,Rolle,Vaud,Switzerland,0,0,0,0
266,Geneva,Vernier,Geneva,Switzerland,0,0,0,0
268,Geneva,L'Abbaye,Vaud,Switzerland,0,0,0,0
269,Geneva,Meyrin,Geneva,Switzerland,0,0,0,0
274,Gent,Wetteren,East Flanders,Belgium,0,0,0,0
277,Glasgow,Hamilton (UK),Scotland,United Kingdom,0,0,0,0
279,Gothenburg,Mölndal,Västra Götaland,Sweden,0,0,1,0
280,Gothenburg,Mölnlycke,Västra Götaland,Sweden,0,0,0,0
283,Greater Brisbane,Nathan,Queensland,Australia,0,0,0,0
285,Greater Buenos Aires,San Martín,Buenos Aires Province,Argentina,0,0,0,0
286,Greater Buenos Aires,Bernal,Buenos Aires Province,Argentina,0,0,0,0
287,Greater Buenos Aires,Pilar,Buenos Aires Province,Argentina,0,1,0,0
289,Greater Kuala Lumpur,Bandar Baru Bangi,Selangor,Malaysia,0,0,0,0
291,Greater Kuala Lumpur,Shah Alam,Selangor,Malaysia,0,0,1,0
292,Greater Kuala Lumpur,Subang Jaya,Selangor,Malaysia,0,0,0,0
293,Greater Kuala Lumpur,Kajang,Selangor,Malaysia,0,0,0,0
294,Greater Kuala Lumpur,Serdang,Selangor,Malaysia,0,0,0,0
295,Greater Kuala Lumpur,Gombak,Selangor,Malaysia,0,0,0,0
296,Greater Kuala Lumpur,Sepang,Selangor,Malaysia,0,0,0,0
297,Greater Kuala Lumpur,Bangi,Selangor,Malaysia,0,0,0,0
298,Greater Kuala Lumpur,Seri Kembangan,Selangor,Malaysia,0,0,0,0
299,Greater Kuala Lumpur,Bukit Jalil,Kuala Lumpur,Malaysia,0,0,0,0
300,Greater Kuala Lumpur,Cyberjaya,Selangor,Malaysia,0,0,0,0
302,Greater Melbourne,Parkville,Victoria,Australia,0,0,0,0
303,Greater Melbourne,Burwood,Victoria,Australia,0,0,0,0
305,Greater Perth,Joondalup,Western Australia,Australia,0,0,0,0
306,Greater Perth,Fremantle,Western Australia,Australia,0,1,0,0
310,Greater Sydney,Kensington,New South Wales,Australia,0,0,0,0
311,Greater Sydney,Haymarket,New South Wales,Australia,0,0,0,0
312,Greater Sydney,Milperra,New South Wales,Australia,0,0,0,0
313,Greater Sydney,Padstow,New South Wales,Australia,0,0,0,0
314,Greater Sydney,Ourimbah,New South Wales,Australia,0,0,0,0
316,Greater Taipei Area,New Taipei City,New Taipei City,Taiwan,0,0,52,0
317,Greater Taipei Area,Keelung,Taiwan,Taiwan,0,0,0,0
319,Grenoble,Saint-Jean de Moirans,Auvergne-Rhône-Alpes,France,0,0,0,0
320,Groningen,Groningen,Groningen,Netherlands,0,0,8,0
322,Guangzhou,Foshan,Guangdong,China,0,0,1,0
325,Hamburg,Norderstedt,Schleswig-Holstein,Germany,0,0,0,0
326,Hamburg,Grosshansdorf,Schleswig-Holstein,Germany,0,0,0,0
327,Hamburg,Bad Oldesloe,Schleswig-Holstein,Germany,0,0,0,0
328,Hamburg,Tostedt,Lower Saxony,Germany,0,0,0,0
329,Hamburg,Rellingen,Schleswig-Holstein,Germany,0,0,0,0
331,Hampden,Amherst,Massachusetts,USA,0,0,2,0
334,Hangzhou,Shaoxing,Zhejiang,China,0,0,0,0
335,Hangzhou,Jiande,Zhejiang,China,0,0,0,0
338,Hefei,Hefei,Anhui,China,0,1,3,0
341,Heidelberg,Weinheim,Baden-Württemberg,Germany,0,0,0,0
344,Helsinki,Vantaa,Uusimaa,Finland,0,0,1,0
347,Houston,Galveston,Texas,USA,0,0,0,0
350,Houston,Webster,Texas,USA,0,0,1,0
351,Hsinchu metropolitan area,Hsinchu,Taiwan,Taiwan,0,1,2,0
352,Hsinchu metropolitan area,Zhubei,Taiwan,Taiwan,0,0,0,0
354,Istanbul,Maslak,Istanbul,Turkey,0,0,0,0
357,Jakarta,Bogor,West Java,Indonesia,0,0,0,0
358,Jakarta,West Jakarta,Jakarta,Indonesia,0,0,0,0
364,Lagos,Ota,Ogun,Nigeria,0,0,0,0
366,Las Vegas,Paradise,Nevada,USA,0,0,0,0
368,Las Vegas,Boulder City,Nevada,USA,0,0,0,0
370,Lausanne,Prilly,Vaud,Switzerland,0,0,0,0
372,Lausanne,Paudex,Vaud,Switzerland,0,0,0,0
376,Leeds,Ossett,Yorkshire and the Humber,United Kingdom,0,0,0,0
377,Leeds,Wakefield,Yorkshire and the Humber,United Kingdom,0,0,1,0
379,Leicester,Loughborough,East Midlands,United Kingdom,0,0,0,0
380,Leicester,Twycross,East Midlands,United Kingdom,0,0,0,0
386,Lisbon,Almada,Lisboa Region,Portugal,0,0,0,0
388,Liverpool,Lancaster,North West England,United Kingdom,0,1,0,0
389,Liverpool,Ormskirk,North West England,United Kingdom,0,0,0,0
397,London,Amersham,South East England,United Kingdom,0,0,0,0
398,London,Brentford,Greater London,United Kingdom,0,0,1,0
400,London,Edgware,Greater London,United Kingdom,0,0,0,0
405,London,Borehamwood,East of England,United Kingdom,0,0,0,0
408,London,Saffron Walden,Essex,United Kingdom,0,0,1,0
432,Los Angeles (Greater),Universal City,California,USA,0,0,0,0
434,Los Angeles (Greater),Tustin,California,USA,0,0,0,0
435,Los Angeles (Greater),Brea,California,USA,0,0,1,0
436,Los Angeles (Greater),Rancho Cucamonga,California,USA,0,0,1,0
438,Los Angeles (Greater),Chino,California,USA,0,0,0,0
441,Los Angeles (Greater),Huntington Park,California,USA,0,0,0,0
443,Los Angeles (Greater),Temecula,California,USA,0,0,0,0
444,Los Angeles (Greater),Vernon,California,USA,0,0,0,0
445,Los Angeles (Greater),Walnut,California,USA,0,0,0,0
446,Los Angeles (Greater),Altadena,California,USA,0,1,0,0
450,Lyon,Villeurbanne,Auvergne-Rhône-Alpes,France,0,1,0,0
453,Madrid,Alcala de Henares,Alcala,Spain,0,0,0,0
454,Madrid,Mostoles,Community of Madrid,Spain,0,0,0,0
455,Madrid,Getafe,Community of Madrid,Spain,0,0,0,0
456,Madrid,Tres Cantos,Community of Madrid,Spain,0,0,0,0
457,Madrid,Leganes,Madrid,Spain,0,0,0,0
460,Malmo,Trelleborg,Skåne,Sweden,0,0,0,0
461,Malmo,Svedala,Skåne County,Sweden,0,0,0,0
463,Manchester,Salford,North West England,United Kingdom,0,0,0,0
465,Manchester,Bolton,North West England,United Kingdom,0,0,1,0
466,Manchester,Bury,North West England,United Kingdom,0,0,0,0
468,Manila,Quezon City,National Capital Region,Philippines,0,0,0,0
472,Manila,Muntinlupa,National Capital Region,Philippines,0,0,0,0
475,Marseille,Gémenos,Provence-Alpes-Côte d'Azur,France,0,0,0,0
485,Miami (Greater),Glen Ridge,Florida,USA,0,0,1,0
486,Miami (Greater),Lauderdale,Florida,USA,0,0,0,0
489,Miami (Greater),Pembroke Pines,Florida,USA,0,0,0,0
491,Miami (Greater),Tamarac,Florida,USA,0,0,0,0
493,Miami (Greater),Davie,Florida,USA,0,0,0,0
495,Milan,Monza,Lombardy,Italy,0,3,0,0
496,Milan,Pieve Emanuele,Lombardy,Italy,0,0,0,0
497,Milan,Rozzano,Lombardy,Italy,0,0,0,0
498,Milan,Cernusco sul Naviglio,Lombardy,Italy,0,0,0,0
499,Milan,Meda,Lombardy,Italy,0,0,0,0
501,Milan,San Donato Milanese,Lombardy,Italy,0,0,0,0
503,Milan,Cardano al Campo,Lombardy,Italy,0,0,0,0
504,Milan,Caronno Pertusella,Lombardy,Italy,0,0,0,0
505,Milan,Concorezzo,Lombardy,Italy,0,0,0,0
506,Milan,Ferno,Lombardy,Italy,0,0,0,0
507,Milan,Giussano,Lombardy,Italy,0,0,0,0
508,Milan,Inverigo,Lombardy,Italy,0,0,0,0
509,Milan,Legnano,Lombardy,Italy,0,0,0,0
510,Milan,Sovico,Lombardy,Italy,0,0,0,0
511,Milan,Bresso,Lombardy,Italy,0,1,0,0
512,Milan,Lomazzo,Lombardy,Italy,0,0,0,0
516,Minneapolis,Eagan,Minnesota,USA,0,0,0,0
517,Minneapolis,Medina (MN),Minnesota,USA,0,0,0,0
518,Minneapolis,Red Wing,Minnesota,USA,0,0,0,0
520,Montreal,Dorval,Quebec,Canada,0,0,0,0
523,Moscow,Dolgoprudny,Moscow Region,Russia,0,0,0,0
526,Mumbai Metropolitan Region,Karjat,Maharashtra,India,0,0,0,0
528,Munich,Garching,Bavaria,Germany,0,0,0,0
531,Munich,Landsberg am Lech,Bavaria,Germany,0,0,0,0
532,Munich,Martinsried,Bavaria,Germany,,0,0,0
533,Munich,Neubiberg,Bavaria,Germany,,0,0,0
534,Munich,Planegg,Bavaria,Germany,,0,1,0
535,Munich,Stockdorf,Bavaria,Germany,,0,0,0
536,Munich,Taufkirchen,Bavaria,Germany,,0,1,0
537,Munich,Oberhaching,Oberhaching,Germany,,0,0,0
538,Munich,Olching,Bavaria,Germany,,0,0,0
539,Nagoya,Nagoya,Aichi,Japan,,0,4,0
540,Nagoya,Kariya,Aichi,Japan,,0,0,0
541,Nagoya,Ōguchi,Aichi,Japan,,0,0,0
542,Nagoya,Ōbu,Aichi,Japan,,0,0,0
543,Nagoya,Anjo,Aichi,Japan,,0,0,0
544,Nagoya,Chiryu,Aichi,Japan,,0,0,0
545,Nagoya,Kiyosu,Aichi,Japan,,0,0,0
546,Nagoya,Ōgaki,Gifu,Japan,,0,0,0
547,Nagoya,Seto,Aichi,Japan,,0,0,0
548,Nagoya,Toyota,Aichi,Japan,,0,1,0
549,Nagoya,Gifu,Gifu,Japan,,0,0,0
550,Nagoya,Kasugai,Aichi,Japan,,0,0,0
551,Nagoya,Nagakute,Aichi,Japan,,0,0,0
552,Nagoya,Toyoake,Aichi,Japan,,0,0,0
553,Nanjing,Nanjing,Jiangsu,China,,2,2,0
554,Nanjing,Xiaolingwei,Jiangsu,China,,0,0,0
555,Nashville,Nashville,Tennessee,USA,,4,90,0
556,National Capital Region (India),New Delhi,Delhi,India,,14,108,1
557,National Capital Region (India),Gurgaon,Haryana,India,,20,108,2
558,National Capital Region (India),Noida,Uttar Pradesh,India,,2,25,0
559,National Capital Region (India),Delhi,Delhi,India,,5,86,2
560,National Capital Region (India),Faridabad,Haryana,India,,0,0,0
561,New Haven,New Haven,Connecticut,USA,,1,10,0
562,New Haven,Stamford,Connecticut,USA,,1,25,0
563,New Haven,Wallingford,Connecticut,USA,,0,0,0
564,New Haven,Norwalk,Connecticut,USA,,0,10,0
565,New Haven,Danbury,Connecticut,USA,,0,2,0
566,New Haven,Shelton,Connecticut,USA,,0,1,0
567,New Haven,Milford,Connecticut,USA,,0,0,0
568,New Haven,New Canaan,Connecticut,USA,,0,8,0
569,New Haven,Sandy Hook,Connecticut,USA,,1,0,0
570,New Haven,Bethany,Connecticut,USA,,0,0,0
571,New York (Greater),New York,New York,USA,,109,3806,38
572,New York (Greater),New Brunswick (USA),New Jersey,USA,,1,2,0
573,New York (Greater),Newark,New Jersey,USA,,1,3,0
574,New York (Greater),Stony Brook,New York,USA,,0,0,0
575,New York (Greater),Armonk,New York,USA,,0,2,0
576,New York (Greater),Jersey City,New Jersey,USA,,1,3,0
577,New York (Greater),Laurel Hollow,New York,USA,,0,0,0
578,New York (Greater),Upton,New York,USA,,0,0,0
579,New York (Greater),Tarrytown,New York,USA,,0,2,0
580,New York (Greater),Parsippany,New Jersey,USA,,0,4,0
581,New York (Greater),New Hyde Park,New York,USA,,0,0,0
582,New York (Greater),Bridgewater Township,New Jersey,USA,,0,3,0
583,New York (Greater),Holmdel,New Jersey,USA,,0,3,0
584,New York (Greater),Kenilworth,New Jersey,USA,,0,2,0
585,New York (Greater),Florham Park,New Jersey,USA,,0,0,0
586,New York (Greater),Huntington,New York,USA,,0,0,0
587,New York (Greater),Purchase,New York,USA,,0,2,0
588,New York (Greater),South Plainfield,New Jersey,USA,,0,0,0
589,New York (Greater),Hoboken,New Jersey,USA,,0,4,0
590,New York (Greater),Hempstead,New York,USA,,0,0,0
591,New York (Greater),Berkeley Heights,New Jersey,USA,,0,0,0
592,New York (Greater),Chatham,New Jersey,USA,,0,1,0
593,New York (Greater),Fort Lee,New Jersey,USA,,0,2,0
594,New York (Greater),Islandia,New York,USA,,0,0,0
595,New York (Greater),Hackensack,New Jersey,USA,,0,0,0
596,New York (Greater),Cranbury,New Jersey,USA,,0,1,0
597,New York (Greater),Franklin Lakes,New Jersey,USA,,0,0,0
598,New York (Greater),Jericho,New York,USA,,0,4,0
599,New York (Greater),Roseland,New Jersey,USA,,0,0,0
600,New York (Greater),Rye Brook,New York,USA,,0,10,0
601,New York (Greater),Short Hills,New Jersey,USA,,0,4,0
602,New York (Greater),Somerset,New Jersey,USA,,0,1,0
603,New York (Greater),Tinton Falls,New Jersey,USA,,0,0,0
604,New York (Greater),White Plains,New York,USA,,1,3,0
605,New York (Greater),East Hampton,New York,USA,,0,2,0
606,New York (Greater),Maplewood,New Jersey,USA,,0,2,0
607,New York (Greater),Mahwah,New Jersey,USA,,0,0,0
608,New York (Greater),Pawling,New York,USA,,0,0,0
609,New York (Greater),Piscataway,New Jersey,USA,,0,2,0
610,New York (Greater),Saddle Brook,New Jersey,USA,,0,0,0
611,New York (Greater),Secaucus,New Jersey,USA,,0,1,0
612,New York (Greater),West Bay Shore,New York,USA,,0,0,0
613,Nijmegen,Nijmegen,Gelderland,Netherlands,,0,4,0
614,Nuremberg,Nuremberg,Bavaria,Germany,,0,3,0
615,Nuremberg,Herzogenaurach,Bavaria,Germany,,1,0,0
616,Nuremberg,Erlangen,Bavaria,Germany,,0,1,0
617,Nuremberg,Fürth,Bavaria,Germany,,0,0,0
618,Osaka,Osaka,Osaka,Japan,,0,9,0
619,Osaka,Kyoto,Kyoto,Japan,,0,9,0
620,Osaka,Kobe,Hyōgo,Japan,,0,0,0
621,Osaka,Suita,Osaka,Japan,,0,1,0
622,Osaka,Nishinomiya,Hyōgo,Japan,,0,0,0
623,Osaka,Sakai,Osaka,Japan,,0,0,0
624,Osaka,Higashiosaka,Kansai,Japan,,0,0,0
625,Osaka,Settsu,Osaka,Japan,,0,1,0
626,Osaka,Otsu,Shiga,Japan,,0,0,0
627,Osaka,Ikoma,Nara,Japan,,0,0,0
628,Osaka,Ashiya,Hyōgo,Japan,,0,1,0
629,Osaka,Daitō,Osaka,Japan,,0,0,0
630,Osaka,Nagaokakyo,Kyoto,Japan,,0,0,0
631,Osaka,Neyagawa,Osaka,Japan,,0,0,0
632,Osaka,Higashiōsaka,Osaka,Japan,,0,0,0
633,Osaka,Kashihara,Nara,Japan,,0,0,0
634,Osaka,Moriguchi,Osaka,Japan,,0,0,0
635,Oslo,Oslo,Oslo,Norway,,8,97,0
636,Oslo,Lysaker,Eastern Norway,Norway,,0,0,0
637,Oslo,Asker,Akershus,Norway,,0,0,0
638,Oslo,Fornebu,Viken,Norway,,0,1,0
639,Oslo,Bekkestua,Viken,Norway,,0,0,0
640,Ottawa,Ottawa,Ontario,Canada,,4,44,0
641,Ottawa,Gatineau,Quebec,Canada,,0,2,0
642,Ottawa,Smiths Falls,Ontario,Canada,,0,0,0
643,Oxford,Oxford,South East England,United Kingdom,,4,32,1
644,Oxford,Didcot,South East England,United Kingdom,,0,0,0
645,Oxford,Abingdon,South East England,United Kingdom,,0,1,0
646,Padua,Padua,Veneto,Italy,,0,1,0
647,Padua,Vigonza,Veneto,Italy,,0,0,0
648,Paris,Paris,Île-de-France,France,,44,865,4
649,Paris,Gif-sur-Yvette,Île-de-France,France,,1,0,0
650,Paris,Boulogne-Billancourt,Île-de-France,France,,2,2,0
651,Paris,Bures-sur-Yvette,Île-de-France,France,,0,0,0
652,Paris,Saint-Denis,Île-de-France,France,,0,1,0
653,Paris,Villejuif,Île-de-France,France,,0,0,0
654,Paris,Suresnes,Île-de-France,France,,0,0,0
655,Paris,Courbevoie,Île-de-France,France,,0,2,0
656,Paris,Montreuil,Île-de-France,France,,0,0,0
657,Paris,Neuilly-sur-Seine,Île-de-France,France,,1,1,0
658,Paris,Créteil,Île-de-France,France,,0,0,0
659,Paris,Champs-sur-Marne,Île-de-France,France,,0,0,0
660,Paris,Bezons,Île-de-France,France,,0,0,0
661,Paris,Rueil-Malmaison,Île-de-France,France,,0,0,0
662,Paris,Palaiseau,Île-de-France,France,,0,0,0
663,Paris,Evry,Île-de-France,France,,0,0,0
664,Paris,Lieusaint,Île-de-France,France,,0,0,0
665,Paris,Orsay,Île-de-France,France,,0,0,0
666,Paris,Le Plessis-Robinson,Île-de-France,France,,0,0,0
667,Paris,Marne-la-Vallee,Île-de-France,France,,0,0,0
668,Paris,Rocquencourt,Île-de-France,France,,0,0,0
669,Paris,Villetaneuse,Île-de-France,France,,0,0,0
670,Paris,Charenton-le-Pont,Île-de-France,France,,0,0,0
671,Paris,Clamart,Île-de-France,France,,0,0,0
672,Paris,Clichy,Île-de-France,France,,0,1,0
673,Paris,Colombes,Île-de-France,France,,0,0,0
674,Paris,Massy,Île-de-France,France,,0,0,0
675,Paris,Montrouge,Île-de-France,France,,0,0,0
676,Paris,Nanterre,Île-de-France,France,,1,1,0
677,Paris,Puteaux,Île-de-France,France,,1,0,0
678,Paris,Saint-Ouen,Île-de-France,France,,0,0,0
679,Paris,Tremblay-en-France,Île-de-France,France,,0,0,0
680,Paris,Vélizy-Villacoublay,Île-de-France,France,,0,0,0
681,Paris,Villepinte,Île-de-France,France,,0,0,0
682,Paris,Eragny,Île-de-France,France,,0,0,0
683,Paris,Issy-les-Moulineaux,Île-de-France,France,,0,0,0
684,Paris,Villeblevin,Bourgogne-Franche-Comté,France,,0,0,0
685,Paris,Cergy-Pontoise,Île-de-France,France,,0,0,0
686,Paris,Versailles,Île-de-France,France,,0,2,0
687,Philadelphia (Greater),Philadelphia,Pennsylvania,USA,,5,176,0
688,Philadelphia (Greater),Princeton,New Jersey,USA,,3,20,0
689,Philadelphia (Greater),Wilmington (DE),Delaware,USA,,4,8,5
690,Philadelphia (Greater),Malvern,Pennsylvania,USA,,0,3,0
691,Philadelphia (Greater),Camden,New Jersey,USA,,0,1,0
692,Philadelphia (Greater),Exton,Pennsylvania,USA,,0,0,0
693,Philadelphia (Greater),King of Prussia,Pennsylvania,USA,,0,2,0
694,Philadelphia (Greater),Wayne (Pennsylvania),Pennsylvania,USA,,1,20,0
695,Philadelphia (Greater),New Castle,Delaware,USA,,1,0,1
696,Philadelphia (Greater),Swarthmore,Pennsylvania,USA,,0,0,0
697,Philadelphia (Greater),Ambler,Pennsylvania,USA,,0,0,0
698,Philadelphia (Greater),Pennsauken,New Jersey,USA,,0,0,0
699,Philadelphia (Greater),Wynnewood,Pennsylvania,USA,,0,0,0
700,Philadelphia (Greater),Audubon,Pennsylvania,USA,,0,0,0
701,Philadelphia (Greater),Collegeville,Pennsylvania,USA,,0,0,0
702,Philadelphia (Greater),Conshohocken,Pennsylvania,USA,,0,4,0
703,Philadelphia (Greater),Ewing Township,New Jersey,USA,,0,0,0
704,Philadelphia (Greater),Glen Mills,Pennsylvania,USA,,0,1,0
705,Philadelphia (Greater),Plymouth Meeting,Pennsylvania,USA,,0,2,0
706,Philadelphia (Greater),Radnor,Pennsylvania,USA,,0,3,0
707,Philadelphia (Greater),Yardley,Pennsylvania,USA,,0,0,0
708,Philadelphia (Greater),Pottsgrove,Pennsylvania,USA,,0,0,0
709,Philadelphia (Greater),Solebury Township,Pennsylvania,USA,,0,0,0
710,Philadelphia (Greater),Bryn Mawr,Pennsylvania,USA,,0,3,0
711,Philadelphia (Greater),Glassboro,New Jersey,USA,,0,0,0
712,Philadelphia (Greater),Haverford,Pennsylvania,USA,,0,1,0
713,Phoenix,Tempe,Arizona,USA,,1,3,0
714,Phoenix,Scottsdale,Arizona,USA,,3,31,0
715,Phoenix,Phoenix,Arizona,USA,,2,48,0
716,Phoenix,Paradise Valley,Arizona,USA,,0,6,0
717,Phoenix,Chandler,Arizona,USA,,0,0,0
718,Phoenix,Cave Creek,Arizona,USA,,0,0,0
719,Phoenix,Surprise,Arizona,USA,,0,0,0
720,Pima,Tucson,Arizona,USA,,1,9,0
721,Pittsburgh,Pittsburgh,Pennsylvania,USA,,3,80,0
722,Pittsburgh,Canonsburg,Pennsylvania,USA,,0,1,0
723,Pittsburgh,Coraopolis,Pennsylvania,USA,,0,0,0
724,Pittsburgh,Monroeville,Pennsylvania,USA,,0,0,0
725,Portland,Portland,Oregon,USA,,2,75,1
726,Portland,Beaverton,Oregon,USA,,0,3,0
727,Portland,Vancouver (USA),Washington,USA,,0,6,0
728,Portland,Hillsboro,Oregon,USA,,0,1,0
729,Portland,Wilsonville,Oregon,USA,,0,0,0
730,Portland,Gresham,Oregon,USA,,0,0,0
731,Porto,Porto,North Region,Portugal,,3,9,0
732,Porto,Matosinhos,Porto,Portugal,,0,0,0
733,Porto,Maia,Porto,Portugal,,0,0,0
734,Prague,Prague,Prague,Czech Republic,,7,131,1
735,Prague,Pruhonice,Central Bohemian Region,Czech Republic,,0,0,0
736,Qingdao,Qingdao,Shandong,China,,1,0,0
737,Quebec,Quebec,Quebec,Canada,,1,279,0
738,Quebec,Lévis,Quebec,Canada,,0,1,0
739,Região Metropolitana de São Paulo,Sao Paulo,Sao Paulo,Brazil,,36,299,1
740,Região Metropolitana de São Paulo,Santo André,Sao Paulo,Brazil,,0,0,0
741,Região Metropolitana do Rio de Janeiro,Rio de Janeiro,Rio de Janeiro,Brazil,,5,29,1
742,Região Metropolitana do Rio de Janeiro,Niteroi,Rio de Janeiro,Brazil,,0,0,0
743,Reykjavik,Reykjavik,Greater Reykjavík,Iceland,,1,12,0
744,Reykjavik,Garðabær,Capital Region (Iceland),Iceland,,0,0,0
745,Riyadh,Riyadh,Riyadh,Saudi Arabia,,7,55,2
746,Rochester (MN),"Rochester (USA, MN)",Minnesota,USA,,1,5,0
747,Rome,Rome,Lazio,Italy,,2,22,0
748,Rome,Formello,Lazio,Italy,,0,0,0
749,Rotterdam,Rotterdam,South Holland,Netherlands,,2,22,0
750,Rotterdam,Rozenburg,South Holland,Netherlands,,0,0,0
751,Rotterdam,Dordrecht,South Holland,Netherlands,,0,0,0
752,Ruhr,Essen,North Rhine-Westphalia,Germany,,0,8,0
753,Ruhr,Bochum,North Rhine-Westphalia,Germany,,0,0,0
754,Ruhr,Dortmund,North Rhine-Westphalia,Germany,,2,2,0
755,Ruhr,Duisburg,North Rhine-Westphalia,Germany,,0,0,0
756,Ruhr,Gelsenkirchen,North Rhine-Westphalia,Germany,,0,0,0
757,Ruhr,Bönen,North Rhine-Westphalia,Germany,,0,0,0
758,Ruhr,Wesel,North Rhine-Westphalia,Germany,,0,0,0
759,Ruhr,Mülheim,North Rhine-Westphalia,Germany,,0,0,0
760,Sacramento,Davis,California,USA,,0,4,0
761,Sacramento,Folsom,California,USA,,0,5,1
762,Saint Petersburg,Saint Petersburg,Saint Petersburg,Russia,,1,3,0
763,Salt Lake,Salt Lake City,Utah,USA,,3,101,1
764,Salt Lake,South Jordan,Utah,USA,,1,1,0
765,Salt Lake,Draper,Utah,USA,,0,2,0
766,San Diego,San Diego,California,USA,,12,196,1
767,San Diego,Carlsbad,California,USA,,0,6,0
768,San Diego,Encinitas,California,USA,,0,3,0
769,San Diego,Solana Beach,California,USA,,1,3,0
770,San Diego,Poway,California,USA,,0,0,0
771,San Francisco (Greater),San Francisco,California,USA,,97,3331,31
772,San Francisco (Greater),Stanford,California,USA,,1,35,0
773,San Francisco (Greater),Berkeley,California,USA,,3,25,2
774,San Francisco (Greater),San José,California,USA,,2,58,0
775,San Francisco (Greater),Mountain View,California,USA,,0,54,0
776,San Francisco (Greater),South San Francisco,California,USA,,5,12,0
777,San Francisco (Greater),Redwood City,California,USA,,2,32,1
778,San Francisco (Greater),Menlo Park,California,USA,,8,399,3
779,San Francisco (Greater),Palo Alto,California,USA,,21,404,6
780,San Francisco (Greater),San Mateo,California,USA,,5,57,1
781,San Francisco (Greater),Santa Clara,California,USA,,7,37,0
782,San Francisco (Greater),Sunnyvale,California,USA,,3,24,0
783,San Francisco (Greater),Foster City,California,USA,,0,7,0
784,San Francisco (Greater),Emeryville,California,USA,,0,1,0
785,San Francisco (Greater),Oakland,California,USA,,0,51,0
786,San Francisco (Greater),Pleasanton,California,USA,,0,12,0
787,San Francisco (Greater),Novato,California,USA,,0,1,0
788,San Francisco (Greater),Fremont,California,USA,,1,3,0
789,San Francisco (Greater),San Carlos,California,USA,,0,7,0
790,San Francisco (Greater),Los Altos,California,USA,,3,52,0
791,San Francisco (Greater),Hayward,California,USA,,0,1,0
792,San Francisco (Greater),Alameda,California,USA,,0,4,0
793,San Francisco (Greater),Cupertino,California,USA,,1,17,0
794,San Francisco (Greater),San Ramon,California,USA,,0,1,0
795,San Francisco (Greater),San Rafael,California,USA,,2,2,0
796,San Francisco (Greater),Burlingame,California,USA,,1,24,0
797,San Francisco (Greater),Brisbane (USA),California,USA,,0,1,0
798,San Francisco (Greater),Concord,California,USA,,0,0,0
799,San Francisco (Greater),Milpitas,California,USA,,0,2,0
800,San Francisco (Greater),Los Gatos,California,USA,,0,15,0
801,San Francisco (Greater),"Dublin (USA, CA)",California,USA,,0,0,0
802,San Francisco (Greater),Portola Valley,California,USA,,0,17,0
803,San Francisco (Greater),Belmont,California,USA,,0,1,0
804,San Francisco (Greater),Hercules,California,USA,,0,1,0
805,San Francisco (Greater),Livermore,California,USA,,0,0,0
806,San Francisco (Greater),Danville,California,USA,,0,1,0
807,San Francisco (Greater),Nicasio,California,USA,,0,0,0
808,San Francisco (Greater),Walnut Creek,California,USA,,1,4,0
809,Santa Barbara,Santa Barbara,California,USA,,5,32,0
810,Santa Barbara,Goleta,California,USA,,0,0,0
811,Santa Barbara,Carpinteria,California,USA,,0,0,0
812,Santa Barbara,Montecito,California,USA,,0,0,0
813,Santa Cruz,Santa Cruz,California,USA,,1,5,0
814,Santiago,Santiago,Santiago Metropolitan Region,Chile,,7,30,0
815,Seattle,Seattle,Washington,USA,,20,271,3
816,Seattle,Bellevue (USA),Washington,USA,,4,19,2
817,Seattle,Redmond,Washington,USA,,1,13,0
818,Seattle,Kirkland,Washington,USA,,1,3,0
819,Seattle,Everett,Washington,USA,,1,1,0
820,Seattle,Bothell,Washington,USA,,0,0,0
821,Seo,Daejeon,Daejeon,South Korea,,2,4,0
822,Seoul,Seoul,Seoul,South Korea,,14,212,2
823,Seoul,Seongnam,Gyeonggi,South Korea,,1,7,0
824,Seoul,Suwon,Gyeonggi,South Korea,,0,0,0
825,Seoul,Incheon,Incheon,South Korea,,0,2,0
826,Seoul,Yongin,Gyeonggi,South Korea,,0,1,0
827,Seoul,Anyang (Korea),Gyeonggi,South Korea,,0,0,0
828,Seoul,Bucheon,Gyeonggi,South Korea,,0,0,0
829,Seoul,Ansan,Gyeonggi,South Korea,,0,0,0
830,Seoul,Goyang,Gyeonggi,South Korea,,0,0,0
831,Shanghai,Shanghai,Shanghai,China,,22,149,0
832,Shenzhen,Shenzhen,Guangdong,China,,23,67,0
833,Singapore,Singapore,Singapore,Singapore,,56,715,12
834,St. Louis,St. Louis,Missouri,USA,,4,82,0
835,St. Louis,Olivette,Missouri,USA,,0,0,0
836,St. Louis,Chesterfield,Missouri,USA,,0,0,0
837,Stockholm,Stockholm,Stockholm,Sweden,,13,302,2
838,Stockholm,Danderyd,Stockholm,Sweden,,0,1,0
839,Stockholm,Täby,Stockholm,Sweden,,0,0,0
840,Stockholm,Tumba,Stockholm,Sweden,,0,0,0
841,Stuttgart,Stuttgart,Baden-Württemberg,Germany,,5,43,0
842,Stuttgart,Esslingen am Neckar,Baden-Württemberg,Germany,,0,0,0
843,Stuttgart,Ludwigsburg,Baden-Württemberg,Germany,,0,1,0
844,Stuttgart,Leonberg,Baden-Württemberg,Germany,,0,0,0
845,Stuttgart,Ditzingen,Baden-Württemberg,Germany,,0,3,0
846,Stuttgart,Gerlingen,Baden-Württemberg,Germany,,0,0,0
847,Stuttgart,Göppingen,Baden-Württemberg,Germany,,0,0,0
848,Stuttgart,Sindelfingen,Baden-Württemberg,Germany,,0,0,0
849,Stuttgart,Waiblingen,Baden-Württemberg,Germany,,0,0,0
850,Stuttgart,Nürtingen,Baden-Württemberg,Germany,,0,0,0
851,Stuttgart,Kirchheim unter Teck,Baden-Württemberg,Germany,,0,0,0
852,Suzhou,Suzhou,Jiangsu,China,,6,5,0
853,Suzhou,Wuxi,Jiangsu,China,,1,0,0
854,Suzhou,Changzhou,Jiangsu,China,,0,0,0
855,Suzhou,Kunshan,Jiangsu,China,,1,0,0
856,Suzhou,Jiangyin,Jiangsu,China,,0,0,0
857,Suzhou,Yixing,Jiangsu,China,,0,0,0
858,Taichung–Changhua metropolitan area,Taichung,Taichung,Taiwan,,0,0,0
859,Taichung–Changhua metropolitan area,Changhua,Taiwan,Taiwan,,0,0,0
860,Tbilisi,Tbilisi,Tbilisi,Georgia,,0,0,0
861,Tehran,Tehran,Tehran,Iran,,1,0,0
862,Tehran,Pardis,Tehran,Iran,,0,0,0
863,Tel Aviv Metropolitan Area (Gush Dan),Tel Aviv,Tel Aviv District,Israel,,14,179,1
864,Tel Aviv Metropolitan Area (Gush Dan),Rehovot,Central District,Israel,,0,1,0
865,Tel Aviv Metropolitan Area (Gush Dan),Ramat Gan,Tel Aviv District,Israel,,0,2,0
866,Tel Aviv Metropolitan Area (Gush Dan),Herzliya,Tel Aviv District,Israel,,6,34,0
867,Tel Aviv Metropolitan Area (Gush Dan),Ra'anana,Central District,Israel,,0,5,0
868,Tel Aviv Metropolitan Area (Gush Dan),Givatayim,Tel Aviv District,Israel,,1,0,0
869,Tel Aviv Metropolitan Area (Gush Dan),Petah Tikva,Central District,Israel,,0,4,0
870,Tel Aviv Metropolitan Area (Gush Dan),Lod,Central District,Israel,,0,0,0
871,Tel Aviv Metropolitan Area (Gush Dan),Holon,Tel Aviv District,Israel,,0,1,0
872,Tel Aviv Metropolitan Area (Gush Dan),Or Yehuda,Tel Aviv District,Israel,,0,2,0
873,Tel Aviv Metropolitan Area (Gush Dan),Kfar Saba,Central District,Israel,,1,1,0
874,Tel Aviv Metropolitan Area (Gush Dan),Ramat Hasharon,Tel Aviv District,Israel,,0,2,0
875,Tel Aviv Metropolitan Area (Gush Dan),Hod Hasharon,Central District,Israel,,0,0,0
876,The Hague,Delft,South Holland,Netherlands,,0,2,0
877,The Hague,Hague,South Holland,Netherlands,,1,43,1
878,The Hague,De Lier,South Holland,Netherlands,,0,0,0
879,Thuwal,Thuwal,Makkah Province,Saudi Arabia,,0,2,0
880,Tianjin,Tianjin,Tianjin,China,,3,0,0
881,Tokyo,Tokyo,Tokyo,Japan,,11,510,1
882,Tokyo,Yokohama,Kanagawa,Japan,,0,9,0
883,Tokyo,Wako,Saitama,Japan,,0,0,0
884,Tokyo,Saitama,Saitama,Japan,,0,0,0
885,Tokyo,Chuo,Tokyo,Japan,,0,5,0
886,Tokyo,Chuo,Kanagawa,Japan,,0,4,0
887,Tokyo,Hachioji,Tokyo,Japan,,0,0,0
888,Tokyo,Chiba,Chiba,Japan,,1,1,0
889,Tokyo,Musashino,Tokyo,Japan,,0,0,0
890,Tokyo,Atsugi,Kanagawa,Japan,,0,0,0
891,Tokyo,Akishima,Tokyo,Japan,,0,0,0
892,Tokyo,Chigasaki,Kanagawa,Japan,,0,0,0
893,Tokyo,Fuchu,Tokyo,Japan,,0,0,0
894,Tokyo,Ichikawa,Chiba,Japan,,0,1,0
895,Tokyo,Isehara,Kanagawa,Japan,,0,0,0
896,Tokyo,Kazo,Saitama,Japan,,0,0,0
897,Tokyo,Niiza,Saitama,Japan,,0,0,0
898,Tokyo,Nishitokyo,Tokyo,Japan,,0,0,0
899,Tokyo,Noda,Chiba,Japan,,0,0,0
900,Tokyo,Ōme,Tokyo,Japan,,0,0,0
901,Tokyo,Ōta,Tokyo,Japan,,0,0,0
902,Tokyo,Narita,Chiba,Japan,,0,0,0
903,Tokyo,Oiso,Kanagawa,Japan,,0,0,0
904,Tokyo,Akita,Akita,Japan,,0,0,0
905,Tokyo,Bunkyō,Tokyo,Japan,,0,0,0
906,Tokyo,Chofu,Tokyo,Japan,,0,0,0
907,Tokyo,Hayama,Kanagawa,Japan,,0,0,0
908,Tokyo,Narashino,Chiba,Japan,,0,0,0
909,Toronto,Toronto,Ontario,Canada,,31,526,4
910,Toronto,Burlington,Ontario,Canada,,2,3,0
911,Toronto,Oshawa,Ontario,Canada,,0,0,0
912,Toronto,Mississauga,Ontario,Canada,,1,8,0
913,Toronto,Aurora,Ontario,Canada,,0,1,0
914,Toronto,Markham,Ontario,Canada,,0,3,0
915,Toulouse,Toulouse,Occitania,France,,1,13,0
916,Tsukuba,Tsukuba,Ibaraki,Japan,,0,0,0
917,Turin,Turin,Piedmont,Italy,,1,12,0
918,Turin,Leinì,Piedmont,Italy,,0,0,0
919,Utrecht,Utrecht,Utrecht,Netherlands,,3,32,0
920,Utrecht,Bilthoven,Utrecht,Netherlands,,0,4,0
921,Valencia,Valencia,Valencia,Spain,,3,22,1
922,Valencia,Benaguasil,Valencian Community,Spain,,0,0,0
923,Valencia,Paterna,Valencia,Spain,,0,0,0
924,Vancouver,Vancouver,British Columbia,Canada,,14,154,1
925,Vancouver,Burnaby,British Columbia,Canada,,0,3,0
926,Vancouver,Richmond (Canada),British Columbia,Canada,,1,0,0
927,Venice,Venice,Veneto,Italy,,0,0,0
928,Venice,Mira,Veneto,Italy,,0,0,0
929,Vienna,Vienna (Austria),Vienna,Austria,,11,68,1
930,Vienna,Laxenburg,Lower Austria,Austria,,0,0,0
931,Vienna,Gumpoldskirchen,Lower Austria,Austria,,0,0,0
932,Wake,Raleigh,North Carolina,USA,,3,60,1
933,Wake,Cary,North Carolina,USA,,2,8,0
934,Wake,Morrisville,North Carolina,USA,,0,1,0
935,Warsaw,Warsaw,Masovian Voivodeship,Poland,,10,146,1
936,Warsaw,Falenty,Masovian Voivodeship,Poland,,0,0,0
937,Washington (Greater),Washington,District of Columbia,USA,,17,460,2
938,Washington (Greater),Bethesda,Maryland,USA,,2,37,0
939,Washington (Greater),Baltimore,Maryland,USA,,5,88,0
940,Washington (Greater),Chevy Chase,Maryland,USA,,0,9,0
941,Washington (Greater),College Park,Maryland,USA,,1,1,0
942,Washington (Greater),Rockville,Maryland,USA,,0,7,0
943,Washington (Greater),Columbia,Maryland,USA,,1,6,0
944,Washington (Greater),North Bethesda,Maryland,USA,,2,37,0
945,Washington (Greater),Gaithersburg,Maryland,USA,,0,5,0
946,Washington (Greater),Greenbelt,Maryland,USA,,0,0,0
947,Washington (Greater),Silver Spring,Maryland,USA,,0,4,0
948,Washington (Greater),Mclean,Virginia,USA,,2,22,0
949,Washington (Greater),Falls Church,Virginia,USA,,0,3,0
950,Washington (Greater),Reston,Virginia,USA,,0,12,0
951,Washington (Greater),Fairfax,Virginia,USA,,0,1,0
952,Washington (Greater),Ashburn,Virginia,USA,,0,1,0
953,Washington (Greater),Adelphi,Maryland,USA,,0,0,0
954,Washington (Greater),Annapolis,Maryland,USA,,0,6,0
955,Washington (Greater),Hunt Valley,Maryland,USA,,0,1,0
956,Washington (Greater),Chantilly,Virginia,USA,,1,2,0
957,Washington (Greater),Herndon,Virginia,USA,,0,2,0
958,Washington (Greater),Beltsville,Maryland,USA,,0,0,0
959,Washington (Greater),Bowie,Maryland,USA,,0,0,0
960,Washington (Greater),Germantown,Maryland,USA,,0,1,0
961,Washington (Greater),Tysons Corner,Virginia,USA,,0,0,0
962,Washington (Greater),Vienna (USA),Virginia,USA,,2,10,0
963,Washington (Greater),Fredericksburg,Virginia,USA,,1,0,0
964,Washington (Greater),Langley,Virginia,USA,,0,0,0
965,Washington (Greater),Morningside,Maryland,USA,,0,0,0
966,Washington (Greater),Alexandria (USA),Virginia,USA,,1,16,0
967,Washtenaw,Ann Arbor,Michigan,USA,,2,33,0
968,West Midlands urban area,Birmingham (UK),West Midlands,United Kingdom,,3,16,1
969,West Midlands urban area,Wolverhampton,West Midlands,United Kingdom,,0,1,0
970,West Midlands urban area,Stratford-upon-Avon,West Midlands,United Kingdom,,0,0,0
971,West Midlands urban area,Royal Leamington Spa,West Midlands,United Kingdom,,0,1,0
972,West Midlands urban area,Solihull,West Midlands,United Kingdom,,0,1,0
973,West Midlands urban area,Gaydon,West Midlands,United Kingdom,,0,0,0
974,West Midlands urban area,Bromsgrove,West Midlands,United Kingdom,,0,0,0
975,West Midlands urban area,Walsall,West Midlands,United Kingdom,,0,0,0
976,Wuhan,Wuhan,Hubei,China,,2,1,0
977,Xi'an,Xi'an,Shaanxi,China,,0,0,0
978,Xi'an,Xianyang,Shaanxi,China,,0,0,0
979,Xiamen,Xiamen,Fujian,China,,1,1,0
980,Xiamen,Quanzhou,Fujian,China,,0,0,0
981,Zhenjiang,Zhenjiang,Jiangsu,China,,1,0,0
982,Zhenjiang,Yangzhou,Jiangsu,China,,0,0,0
983,Zhenjiang,Danyang,Jiangsu,China,,0,0,0
984,Zurich,Zürich,Zürich,Switzerland,,11,199,2
985,Zurich,Dubendorf,Zürich,Switzerland,,0,0,0
986,Zurich,Stäfa,Zürich,Switzerland,,0,0,0
987,Zurich,Birmensdorf,Zürich,Switzerland,,0,0,0
988,Zurich,Pfäffikon,Zürich,Switzerland,,0,1,0
989,Zurich,Wollerau,Schwyz,Switzerland,,0,0,0
990,Zurich,Glattbrugg,Zürich,Switzerland,,0,0,0
991,Zurich,Hinwil,Zürich,Switzerland,,0,0,0
992,Zurich,Männedorf,Zürich,Switzerland,,0,0,0
993,Zurich,Niederweningen,Zürich,Switzerland,,0,0,0
994,Zurich,Rümlang,Zürich,Switzerland,,0,0,0
995,Zurich,Schlieren,Zürich,Switzerland,,0,0,0
996,Zurich,Thalwil,Zürich,Switzerland,,0,0,0
997,Zurich,Volketswil,Zürich,Switzerland,,0,0,0
998,Dhaka,Dhaka,Dhaka,Bangladesh,,2,6,0
999,Dhaka,Sher-e-Bangla Nagar,Dhaka,Bangladesh,,0,0,0
1000,Dhaka,Daffodil,Dhaka,Bangladesh,,0,0,0
1001,Dhaka,Savar,Dhaka,Bangladesh,,0,0,0
1002,Sofia,Sofia,Sofia City Province,Bulgaria,,4,25,0
1003,Calgary,Calgary,Alberta,Canada,,8,62,1
1004,Ningbo,Ningbo,Zhejiang,China,,6,0,0
1005,Changchun,Changchun,Jilin,China,,0,0,0
1006,Ningbo,Yuyao,Zhejiang,China,,0,0,0
1007,Brno,Brno,South Moravian,Czech Republic,,0,13,0
1008,Lille,Lille,Hauts-de-France,France,,0,10,0
1009,Bordeaux,Bordeaux,Nouvelle-Aquitaine,France,,0,11,0
1010,Montpellier,Montpellier,Occitania,France,,3,6,0
1011,Strasbourg,Strasbourg,Grand Est,France,,1,7,0
1012,Lille,Roubaix,Hauts-de-France,France,,0,2,0
1013,Strasbourg,Illkirch-Graffenstaden,Grand Est,France,,1,0,0
1014,Bordeaux,Talence,Nouvelle-Aquitaine,France,,0,0,0
1015,Lille,Villeneuve d'Ascq,Hauts-de-France,France,,0,0,0
1016,Bordeaux,Pessac,Nouvelle-Aquitaine,France,,0,0,0
1017,Strasbourg,Schiltigheim,Grand Est,France,,0,0,0
1018,Bordeaux,Montagne,Nouvelle-Aquitaine,France,,0,0,0
1019,Bordeaux,Gradignan,Nouvelle-Aquitaine,France,,0,0,0
1020,Lille,Croix,Hauts-de-France,France,,0,0,0
1021,Lille,Tourcoing,Hauts-de-France,France,,0,0,0
1022,Lille,Fretin,Hauts-de-France,France,,0,0,0
1023,Montpellier,Sète,Occitania,France,,0,0,0
1024,Strasbourg,Hurtigheim,Grand Est,France,,0,0,0
1025,Dresden,Dresden,Saxony,Germany,,0,6,0
1026,Mainz,Mainz,Rhineland-Palatinate,Germany,,0,2,0
1027,Dresden,Schoenfeld,Saxony,Germany,,0,0,0
1028,Dresden,Glashütte,Saxony,Germany,,0,0,0
1029,Mainz,Ingelheim,Rhineland-Palatinate,Germany,,0,0,0
1030,Naples,Ercolana,Campania,Italy,,0,0,0
1031,Naples,Gragnano,Campania,Italy,,0,0,0
1032,Naples,San Giuseppe Vesuviano,Campania,italy,,0,0,0
1033,Naples,Casalnuovo di Napoli,Campania,italy,,0,0,0
1034,Naples,Villaricca,Campania,Italy,,0,0,0
1035,Naples,Naples,Campania,Italy,,0,1,0
1036,Naples,Pozzuoli,Campania,Italy,,0,0,0
1037,Vilnius,Vilnius,Vilnius,Lithuania,,2,19,0
1038,Luxembourg,Luxembourg,Luxembourg,Luxembourg,,6,63,3
1039,Luxembourg,Bertrange,Luxembourg,Luxembourg,,0,0,0
1040,Luxembourg,Esch-sur-Alzette,Esch-sur-Alzette,Luxembourg,,0,0,0
1041,Luxembourg,Troisvierges,Luxembourg,Luxembourg,,0,0,0
1042,Luxembourg,Bissen,Esch-sur-Alzette,Luxembourg,,0,0,0
1043,Islamabad,Islamabad,Islamabad Capital Territory,Pakistan,,0,3,0
1044,Islamabad,Rawalpindi,Punjab,Pakistan,,0,0,0
1045,Islamabad,Taxila,Punjab,Pakistan,,0,0,0
1046,Cracow,Krakow,Lesser Poland Voivodeship,Poland,,0,7,0
1047,Novosibirsk,Novosibirsk,Novosibirsk Oblast,Russia,,0,0,0
1048,Belgrade,Belgrade,Belgrade,Serbia,,2,7,1
1049,Kaohsiung metropolitan area,Kaohsiung,Kaohsiung,Taiwan,,0,0,0
1050,Nottingham,Nottingham,East Midlands,United Kingdom,,2,4,0
1051,Nottingham,Long Eaton,East Midlands,United Kingdom,,0,0,0
1052,Jackson (MO),Kansas City,Missouri,USA,,1,38,0
1053,Jackson (MO),Overland Park,Kansas,USA,,4,7,0
1054,Jackson (MO),Leawood,Kansas,USA,,0,4,1
1055,Jackson (MO),Olathe,Kansas,USA,,0,3,0
1056,Jackson (MO),Independence,Missouri,USA,,0,0,0
1057,Jackson (MO),Merriam,Kansas,USA,,0,0,0
1058,Jackson (MO),North Kansas City,Missouri,USA,,0,0,0
1059,Ho Chi Minh,Ho Chi Minh,Southeast,Vietnam,,0,18,0